jockey_score,horse_track_relative_score,horse_course_relative_score,horse_race_relative_score,distance_id,weight_carried,odds
0.415377177989839,0.20043414718019256,0.26027714134649277,0.0800101711560045,0.03448275862068967,0.20000000000000018,0.1094240837696335
0.49090909090909096,0.19037138927097663,0.2993101364620575,0.22727272727272735,0.03448275862068967,0.04444444444444429,0.10261780104712041
0.28787878787878796,0.19779917469050892,0.2749383151216073,0.09595959595959597,0.10344827586206895,0.22222222222222232,0.3036649214659686
0.6363636363636364,0.2457887659364799,0.5142914261964762,0.10006784260515608,0.06896551724137928,0.1777777777777776,0.10418848167539267
0.6363636363636364,0.2200825309491059,0.2749383151216073,0.15151515151515155,0.2413793103448275,0.1777777777777776,0.10732984293193717
0.8181818181818182,0.29316121750784746,0.2886865220316049,0.12373257743628116,0.1724137931034483,0.22222222222222232,0.25
0.6363636363636364,0.22708705380111066,0.2864605393602051,0.15763851115628583,0.03448275862068967,0.0,0.2709424083769633
0.44385026737967914,0.3240715268225584,0.2749383151216073,0.15151515151515155,0.2413793103448275,0.11111111111111116,0.09947643979057591
0.3014354066985646,1.0,0.2749383151216073,0.6376262626262627,0.06896551724137928,0.1777777777777776,0.06492146596858639
0.4545454545454545,0.2701087829071549,0.4070228232064445,0.1704744606952809,0.10344827586206895,0.22222222222222232,0.14397905759162302
0.5636363636363636,0.18397524071526822,0.2749383151216073,0.10619010619010621,0.0,0.24444444444444446,0.042408376963350786
0.2909090909090909,0.31007300814728594,0.31636886201567205,0.06560358833086105,0.10344827586206895,0.3111111111111109,0.31413612565445026
0.4545454545454545,0.2200825309491059,0.2749383151216073,0.15151515151515155,0.0,0.24444444444444446,0.06439790575916231
0.5098814229249011,0.2027510316368638,0.11570908236399953,0.10830527497194167,0.1724137931034483,0.3111111111111109,0.18455497382198952
0.5909090909090909,0.27586610160996605,0.4690248437720749,0.2967938494254284,0.10344827586206895,0.2666666666666666,0.1662303664921466
0.6363636363636364,0.1810866574965612,0.2749383151216073,0.15151515151515155,0.0,0.24444444444444446,0.21727748691099477
0.5454545454545454,0.23091471801925723,0.20227418112508,0.09750280583613918,0.0,0.24444444444444446,0.05602094240837696
0.23863636363636362,0.1546079779917469,0.2749383151216073,0.09586606808829035,0.0,0.24444444444444446,0.4489528795811518
0.5,0.2628628140616022,0.3742766248890118,0.15530928436817268,0.06896551724137928,0.11111111111111116,0.6295811518324607
0.5909090909090909,0.2200825309491059,0.2749383151216073,0.17508417508417512,0.03448275862068967,0.22222222222222232,0.3599476439790576
0.6233766233766234,0.20082530949105915,0.2749383151216073,0.15151515151515155,0.1724137931034483,0.3111111111111109,0.14528795811518325
0.4545454545454545,0.197046993888531,0.46929587771000747,0.10005114435494186,0.06896551724137928,0.24444444444444446,0.4201570680628272
0.36363636363636365,0.19644866825059396,0.2749383151216073,0.1140189776553413,0.0,0.06666666666666643,0.17146596858638743
0.4155844155844155,0.2027510316368638,0.2749383151216073,0.15151515151515155,0.0,0.22222222222222232,0.34685863874345546
0.4545454545454545,0.2124362812525285,0.2749383151216073,0.1619132501485443,0.03448275862068967,0.2666666666666666,0.2827225130890052
0.6666666666666667,0.16808803301237965,0.2749383151216073,0.11616161616161619,0.03448275862068967,0.22222222222222232,0.014659685863874346
0.31818181818181823,0.2200825309491059,0.2749383151216073,0.23186409550045917,0.03448275862068967,0.2666666666666666,0.04869109947643979
0.43181818181818177,0.2200825309491059,0.2749383151216073,0.058221099887766574,0.03448275862068967,0.22222222222222232,0.034031413612565446
0.4242424242424242,0.09009628610729023,0.2749383151216073,0.23989898989898994,0.2413793103448275,0.22222222222222232,0.2212041884816754
0.5909090909090909,0.2200825309491059,0.2749383151216073,0.15151515151515155,0.1724137931034483,0.20000000000000018,0.09999999999999999
0.36363636363636365,0.19408528198074274,0.2749383151216073,0.15151515151515155,0.1724137931034483,0.24444444444444446,0.025130890052356022
0.36363636363636365,0.25087220207577837,0.3134962597422942,0.1364239716512444,0.03448275862068967,0.2666666666666666,0.4895287958115183
0.36363636363636365,0.2200825309491059,0.2749383151216073,0.21515151515151518,0.2413793103448275,0.20000000000000018,0.024083769633507852
0.1818181818181818,0.2200825309491059,0.2749383151216073,0.47558922558922573,0.1724137931034483,0.22222222222222232,0.07486910994764398
0.1818181818181818,0.2200825309491059,0.2749383151216073,0.18308080808080812,0.03448275862068967,0.22222222222222232,0.049214659685863874
0.09090909090909091,0.2235488308115543,0.2749383151216073,0.17272727272727278,0.1724137931034483,0.2666666666666666,0.3102094240837696
0.5909090909090909,0.1745873452544704,0.2749383151216073,0.2133838383838384,0.2413793103448275,0.2666666666666666,0.0837696335078534
0.47933884297520657,0.2200825309491059,0.2749383151216073,0.07808857808857808,0.2413793103448275,0.04444444444444429,0.43848167539267013
0.303030303030303,0.2200825309491059,0.2749383151216073,0.09259259259259262,0.2413793103448275,0.3111111111111109,0.04764397905759162
0.0,0.13736401150431413,0.2749383151216073,0.07116620752984393,0.1724137931034483,0.22222222222222232,0.2801047120418848
0.5075757575757576,0.3500687757909216,0.38867348137704144,0.070496632996633,0.1724137931034483,0.24444444444444446,0.5497382198952879
0.2727272727272727,0.1767537826685007,0.2749383151216073,0.17361111111111116,0.2413793103448275,0.2666666666666666,0.02670157068062827
0.40909090909090906,0.18480055020632735,0.2749383151216073,0.12626262626262627,0.0,0.08888888888888902,0.7094240837696335
0.2727272727272727,0.3218108964774834,0.2749383151216073,0.15151515151515155,0.0,0.24444444444444446,0.5641361256544503
0.4545454545454545,0.36306740027510315,0.2749383151216073,0.1344930789375234,0.03448275862068967,0.2666666666666666,0.5026178010471204
0.09090909090909091,0.2200825309491059,0.2749383151216073,0.15151515151515155,0.1724137931034483,0.24444444444444446,0.4620418848167539
0.5,0.19644866825059396,0.2749383151216073,0.15151515151515155,0.1724137931034483,0.2666666666666666,0.1806282722513089
0.5,0.19318882511976473,0.2749383151216073,0.15761058864507144,0.1724137931034483,0.11111111111111116,0.07958115183246073
0.4545454545454545,0.2568177740565755,0.364875634089899,0.22452788757136585,0.1724137931034483,0.22222222222222232,0.38612565445026176
0.2727272727272727,0.16127922971114167,0.2749383151216073,0.10101010101010105,0.2413793103448275,0.28888888888888875,0.0026178010471204186
0.4545454545454545,0.3067400275103163,0.40617119926249284,0.13791763791763795,0.06896551724137928,0.3111111111111109,0.4725130890052356
0.1818181818181818,0.187585969738652,0.2749383151216073,0.12941919191919193,0.1724137931034483,0.24444444444444446,0.5824607329842931
0.1818181818181818,0.2200825309491059,0.2749383151216073,0.15151515151515155,0.1724137931034483,0.22222222222222232,0.3403141361256544
0.2727272727272727,0.15126628367990938,0.2749383151216073,0.15151515151515155,0.1724137931034483,0.22222222222222232,0.05863874345549738
0.36363636363636365,0.20753213489541336,0.2749383151216073,0.13322884012539188,0.1724137931034483,0.2666666666666666,0.01832460732984293
0.5454545454545454,0.2200825309491059,0.2749383151216073,0.22516835016835024,0.1724137931034483,0.2666666666666666,0.43586387434554974
0.2727272727272727,0.1922283356258597,0.2749383151216073,0.1704545454545455,0.03448275862068967,0.2666666666666666,0.22774869109947643
0.4242424242424242,0.2200825309491059,0.2749383151216073,0.1603535353535354,0.03448275862068967,0.22222222222222232,0.11832460732984293
0.5454545454545454,0.2200825309491059,0.2749383151216073,0.32828282828282834,0.03448275862068967,0.04444444444444429,0.6217277486910995
0.6818181818181818,0.20654229711141675,0.2749383151216073,0.1692588766452403,0.0,0.2666666666666666,0.6570680628272251
0.2727272727272727,0.2200825309491059,0.2749383151216073,0.12065095398428732,0.0,0.2666666666666666,0.3612565445026178
0.5909090909090909,0.44539202200825306,0.2749383151216073,0.1426767676767677,0.2413793103448275,0.04444444444444429,0.3704188481675393
0.48484848484848486,0.23189946229836184,0.2749383151216073,0.15151515151515155,0.0,0.22222222222222232,0.07643979057591622
0.2727272727272727,0.3641977154476407,0.3194433801780816,0.05245693651490755,0.0,0.11111111111111116,0.2905759162303665
0.6060606060606061,0.2200825309491059,0.2749383151216073,0.10101010101010105,0.1724137931034483,0.2666666666666666,0.07801047120418848
0.36363636363636365,0.21265474552957353,0.2749383151216073,0.11616161616161619,0.1724137931034483,0.15555555555555545,0.061780104712041886
0.36363636363636365,0.2200825309491059,0.2749383151216073,0.15151515151515155,0.06896551724137928,0.11111111111111116,0.051832460732984295
0.40909090909090906,0.2200825309491059,0.2749383151216073,0.14046717171717174,0.06896551724137928,0.08888888888888902,0.08115183246073299
0.4242424242424242,0.2200825309491059,0.2749383151216073,0.15151515151515155,0.06896551724137928,0.022222222222222143,0.3416230366492147
0.2727272727272727,0.2229711141678129,0.2749383151216073,0.13801206509539846,0.1724137931034483,0.22222222222222232,0.0049738219895287955
0.40909090909090906,0.21358321870701513,0.2749383151216073,0.16329966329966333,0.03448275862068967,0.022222222222222143,0.06230366492146597
0.6103896103896104,0.2200825309491059,0.2749383151216073,0.15151515151515155,0.06896551724137928,0.24444444444444446,0.45680628272251306
0.13636363636363638,0.3034699333004594,0.37311536901191134,0.20821421764818,0.03448275862068967,0.22222222222222232,0.56282722513089
0.5151515151515151,0.15508940852819808,0.2749383151216073,0.15151515151515155,0.06896551724137928,0.2666666666666666,0.3193717277486911
0.40909090909090906,0.2135979563764983,0.2749383151216073,0.20021645021645026,0.1724137931034483,0.1333333333333333,0.28664921465968585
0.2727272727272727,0.17373960887506731,0.2749383151216073,0.15151515151515155,0.03448275862068967,0.22222222222222232,0.11151832460732984
0.5454545454545454,0.17420503276964153,0.2749383151216073,0.14631610219845517,0.1724137931034483,0.3111111111111109,0.0418848167539267
0.21212121212121213,0.21370584723988478,0.2749383151216073,0.15818562988374313,0.06896551724137928,0.22222222222222232,0.050785340314136125
0.40909090909090906,0.2452411589830057,0.2088985411668391,0.28836754643206264,0.06896551724137928,0.28888888888888875,0.5418848167539266
0.09090909090909091,0.15508940852819808,0.2749383151216073,0.17508417508417512,0.03448275862068967,0.20000000000000018,0.015968586387434553
0.2424242424242424,0.2200825309491059,0.2749383151216073,0.15151515151515155,0.1724137931034483,0.2666666666666666,0.2617801047120419
0.38181818181818183,0.2200825309491059,0.2749383151216073,1.0,0.10344827586206895,0.1333333333333333,0.08272251308900523
0.4545454545454545,0.1438239339752407,0.2749383151216073,0.09919191919191919,0.03448275862068967,0.22222222222222232,0.00026178010471204186
0.2727272727272727,0.19856756628563293,0.2749383151216073,0.18808777429467088,0.1724137931034483,0.1777777777777776,0.11361256544502618
0.4242424242424242,0.29737164950369904,0.2749383151216073,0.012967512967512973,0.1724137931034483,0.28888888888888875,0.08795811518324607
0.36363636363636365,0.21437780547015478,0.2749383151216073,0.15761058864507144,0.2413793103448275,0.06666666666666643,0.06387434554973821
0.38181818181818183,0.2200825309491059,0.2749383151216073,0.2509469696969697,0.06896551724137928,0.04444444444444429,0.39397905759162305
0.09090909090909091,0.2200825309491059,0.2749383151216073,0.0006159152500615946,0.2413793103448275,0.22222222222222232,0.020157068062827226
0.2909090909090909,0.19644866825059396,0.2749383151216073,0.13544536271809002,0.2413793103448275,0.22222222222222232,0.009424083769633508
0.36363636363636365,0.2200825309491059,0.2749383151216073,0.17361111111111116,0.03448275862068967,0.24444444444444446,0.3115183246073298
0.5454545454545454,0.18685296459856657,0.2749383151216073,0.15405248658837178,0.10344827586206895,0.2666666666666666,0.4031413612565445
0.48484848484848486,0.21358321870701513,0.2749383151216073,0.051346801346801356,0.0,0.22222222222222232,0.168848167539267
0.40909090909090906,0.21423699567811294,0.2749383151216073,0.14607614607614608,0.10344827586206895,0.1333333333333333,0.09109947643979058
0.6666666666666667,0.1913646396468443,0.2749383151216073,0.19673478975804562,0.03448275862068967,0.20000000000000018,0.5052356020942408
0.6363636363636364,0.1969738651994498,0.2749383151216073,0.15151515151515155,0.03448275862068967,0.1777777777777776,0.40706806282722513
0.5454545454545454,0.21477696993515422,0.2749383151216073,0.1479076479076479,0.03448275862068967,0.08888888888888902,0.34554973821989526
0.5,0.2200825309491059,0.2749383151216073,0.23989898989898994,0.03448275862068967,0.20000000000000018,0.20418848167539266
0.36363636363636365,0.2200825309491059,0.2749383151216073,0.2575757575757576,0.1724137931034483,0.1777777777777776,0.3206806282722513
0.4545454545454545,0.20496785131633663,0.2749383151216073,0.18780426559095367,0.1724137931034483,0.22222222222222232,0.24738219895287958
0.38181818181818183,0.2155216100774633,0.2749383151216073,0.15151515151515155,0.03448275862068967,0.22222222222222232,0.002094240837696335
0.3484848484848485,0.21535201887416638,0.2749383151216073,0.1480344940260552,0.1724137931034483,0.24444444444444446,0.4424083769633508
0.4181818181818181,0.15863448793297485,0.2749383151216073,0.1622283440465259,0.1724137931034483,0.24444444444444446,0.4175392670157068
0.4415584415584415,0.26007829859274145,0.2749383151216073,0.18550893550893555,0.03448275862068967,0.15555555555555545,0.3494764397905759
0.2727272727272727,0.17760336596812037,0.2749383151216073,0.15151515151515155,0.03448275862068967,0.1777777777777776,0.09895287958115183
0.4025974025974026,0.1809540184712124,0.2749383151216073,0.15151515151515155,0.1724137931034483,0.11111111111111116,0.08848167539267016
0.33333333333333337,0.2532162796342746,0.2749383151216073,0.13938403644286002,0.03448275862068967,0.24444444444444446,0.38219895287958117
0.31818181818181823,0.2200825309491059,0.2749383151216073,0.18097643097643099,0.1724137931034483,0.20000000000000018,0.11780104712041885
0.36363636363636365,0.2200825309491059,0.2749383151216073,0.23989898989898994,0.03448275862068967,0.24444444444444446,0.4829842931937173
0.9999999999999999,0.20119564067294468,0.2749383151216073,0.2285677285677286,0.1724137931034483,0.06666666666666643,0.31675392670157065
0.33766233766233766,0.2200825309491059,0.2749383151216073,0.13418498712616364,0.1724137931034483,0.20000000000000018,0.12198952879581151
0.3090909090909091,0.2200825309491059,0.2749383151216073,0.1619132501485443,0.06896551724137928,0.20000000000000018,0.49607329842931935
0.43181818181818177,0.2019449153897828,0.2749383151216073,0.13918252290345318,0.1724137931034483,0.22222222222222232,0.032984293193717276
0.36363636363636365,0.187585969738652,0.2749383151216073,0.15151515151515155,0.1724137931034483,0.2666666666666666,0.06858638743455497
0.3939393939393939,0.2720770288858322,0.2749383151216073,0.1656565656565657,0.1724137931034483,0.1777777777777776,0.26570680628272253
0.42657342657342656,0.42490934100287603,0.2749383151216073,0.15151515151515155,0.03448275862068967,0.04444444444444429,0.587696335078534
0.43939393939393934,0.1700878213945614,0.2749383151216073,0.1297591297591298,0.1724137931034483,0.22222222222222232,0.412303664921466
0.4242424242424242,0.17386519944979364,0.2749383151216073,0.1603535353535354,0.03448275862068967,0.20000000000000018,0.47774869109947643
0.36363636363636365,0.19537851247789348,0.2749383151216073,0.1900252525252526,0.2413793103448275,0.1333333333333333,0.008115183246073299
0.4415584415584415,0.37059291971331354,0.2749383151216073,0.2538543328017013,0.1724137931034483,0.22222222222222232,0.3808900523560209
0.46590909090909094,0.26201357767227224,0.2749383151216073,0.16291951775822747,0.1724137931034483,0.22222222222222232,0.3717277486910995
0.2954545454545454,0.19944979367262725,0.2749383151216073,0.11223344556677892,0.10344827586206895,0.022222222222222143,0.030890052356020943
0.1818181818181818,0.20084987227353115,0.2749383151216073,0.1731601731601732,0.03448275862068967,0.1777777777777776,0.574607329842932
0.46590909090909094,0.2200825309491059,0.2749383151216073,0.0433211424590735,0.03448275862068967,0.1777777777777776,0.43455497382198954
0.3737373737373737,0.22846874029373915,0.2749383151216073,0.13440860215053765,0.1724137931034483,0.08888888888888902,0.0031413612565445027
0.5227272727272727,0.18697282707430382,0.2749383151216073,0.16819134743663047,0.03448275862068967,0.22222222222222232,0.12460732984293194
0.4545454545454545,0.2511240222546141,0.2749383151216073,0.09786923966028446,0.1724137931034483,0.20000000000000018,0.048167539267015703
0.34545454545454546,0.20151306740027508,0.2749383151216073,0.07323232323232323,0.2413793103448275,0.11111111111111116,0.032460732984293195
0.43939393939393934,0.24744805617896182,0.2749383151216073,0.17554935318093218,0.03448275862068967,0.0,0.1518324607329843
0.4949494949494949,0.172044136116261,0.2749383151216073,0.16496486605182262,0.1724137931034483,0.22222222222222232,0.015183246073298429
0.36363636363636365,0.1892107977991747,0.2749383151216073,0.12152777777777782,0.1724137931034483,0.28888888888888875,0.0007853403141361257
0.4025974025974026,0.21722569040313194,0.2749383151216073,0.13209013209013212,0.1724137931034483,0.15555555555555545,0.11308900523560209
0.8181818181818182,0.21614355383268724,0.2749383151216073,0.09527089072543621,0.03448275862068967,0.22222222222222232,0.4790575916230366
0.44545454545454544,0.2200825309491059,0.2749383151216073,0.15151515151515155,0.03448275862068967,0.20000000000000018,0.4921465968586387
0.38636363636363635,0.22714700077746547,0.2749383151216073,0.21684233640755385,0.1724137931034483,0.2666666666666666,0.524869109947644
0.4155844155844155,0.1786214011288716,0.2749383151216073,0.1372924648786718,0.03448275862068967,0.022222222222222143,0.3023560209424084
0.13636363636363638,0.18419407277729147,0.2749383151216073,0.17926175333582745,0.1724137931034483,0.3111111111111109,0.06282722513089005
0.25,0.21273867530832535,0.2749383151216073,0.1844718370142099,0.1724137931034483,0.22222222222222232,0.46727748691099474
0.48484848484848486,0.19451146639006017,0.2749383151216073,0.17131699508748693,0.03448275862068967,0.1777777777777776,0.2931937172774869
0.1818181818181818,0.2200825309491059,0.2749383151216073,0.10101010101010105,0.10344827586206895,0.24444444444444446,0.10890052356020942
0.4363636363636363,0.22996880872580744,0.2749383151216073,0.09798691136719309,0.06896551724137928,0.20000000000000018,0.23429319371727747
0.2909090909090909,0.21855328100979043,0.2749383151216073,0.18716577540106955,0.06896551724137928,0.08888888888888902,0.5863874345549738
0.20454545454545456,0.22694972878980557,0.2749383151216073,0.18820278254240522,0.1724137931034483,0.15555555555555545,0.4083769633507853
0.36363636363636365,0.18708214708422638,0.2749383151216073,0.39405684754521975,0.03448275862068967,0.20000000000000018,0.04659685863874345
0.4040404040404041,0.2287897435222419,0.2749383151216073,0.17012227538543334,0.2413793103448275,0.2666666666666666,0.01675392670157068
0.6818181818181818,0.2417469050894085,0.2749383151216073,0.10732323232323235,0.03448275862068967,0.22222222222222232,0.45287958115183247
0.6,0.16555942520998565,0.2749383151216073,0.1574253169997851,0.06896551724137928,0.20000000000000018,0.8795811518324607
0.49090909090909096,0.2200825309491059,0.2749383151216073,0.15151515151515155,0.06896551724137928,0.24444444444444446,0.4986910994764398
0.38636363636363635,0.2171939477303989,0.2749383151216073,0.11616161616161619,0.2413793103448275,0.15555555555555545,0.06963350785340314
0.2909090909090909,0.09009628610729023,0.2749383151216073,0.37247474747474757,0.1724137931034483,0.22222222222222232,0.38743455497382195
0.43181818181818177,0.12700596056854652,0.2749383151216073,0.1052500311759571,0.1724137931034483,0.22222222222222232,0.08900523560209424
0.4242424242424242,0.15508940852819808,0.2749383151216073,0.16624579124579128,0.2413793103448275,0.24444444444444446,0.42277486910994766
0.21212121212121213,0.24371639364761782,0.2749383151216073,0.18767217630854,0.1724137931034483,0.2666666666666666,0.012041884816753926
0.44628099173553715,0.2338440206216572,0.2749383151216073,0.17985764821207864,0.10344827586206895,0.20000000000000018,0.03664921465968586
0.36363636363636365,0.18508623426092474,0.2749383151216073,0.11033631772268138,0.1724137931034483,0.22222222222222232,0.0387434554973822
0.5,0.1986730317986892,0.2749383151216073,0.17082590612002377,0.10344827586206895,0.24444444444444446,0.10471204188481675
0.6666666666666667,0.21748280605226955,0.2749383151216073,0.11616161616161619,0.10344827586206895,0.24444444444444446,0.6138743455497382
0.36363636363636365,0.2358384394147805,0.2749383151216073,0.15151515151515155,0.2413793103448275,0.22222222222222232,0.07277486910994764
0.7272727272727273,0.1794618294360385,0.2749383151216073,0.19570707070707075,0.1724137931034483,0.06666666666666643,0.39528795811518325
0.36363636363636365,0.22251673029071295,0.2749383151216073,0.11377823175575988,0.2413793103448275,0.11111111111111116,0.13350785340314136
0.49090909090909096,0.185875624411786,0.2749383151216073,0.16236930710614925,0.10344827586206895,0.20000000000000018,0.6269633507853403
0.6363636363636364,0.22658184319119667,0.2749383151216073,0.19570707070707075,0.10344827586206895,0.20000000000000018,0.35732984293193715
0.5041322314049587,0.18202659330582302,0.2749383151216073,0.23047939714606386,0.03448275862068967,0.3111111111111109,0.5301047120418848
0.4696969696969697,0.2245842190821558,0.2749383151216073,0.0015304560759106245,0.2413793103448275,0.3333333333333335,0.6727748691099477
0.36363636363636365,0.1947518781081367,0.2749383151216073,0.15423465423465427,0.03448275862068967,0.1777777777777776,0.05759162303664921
0.4545454545454545,0.1937029694959139,0.2749383151216073,0.1652217360773511,0.2413793103448275,0.3333333333333335,0.362565445026178
0.6363636363636364,0.2176930779189255,0.2749383151216073,0.1963569518716578,0.03448275862068967,0.20000000000000018,0.3180628272251309
0.4405594405594405,0.21718012675806053,0.2749383151216073,0.12473217018671567,0.03448275862068967,0.22222222222222232,0.24607329842931935
0.4415584415584415,0.2200825309491059,0.2749383151216073,0.20675505050505055,0.10344827586206895,0.20000000000000018,0.7041884816753926
0.34545454545454546,0.2200825309491059,0.2749383151216073,0.13257575757575762,0.1724137931034483,0.2666666666666666,0.0010471204188481674
0.4545454545454545,0.6100412654745528,0.2749383151216073,0.41666666666666674,0.03448275862068967,0.1777777777777776,0.25916230366492143
0.6818181818181818,0.18740027510316365,0.2749383151216073,0.1476530005941771,0.03448275862068967,0.22222222222222232,0.6086387434554974
0.31818181818181823,0.1970874212964997,0.2749383151216073,0.16797100130433468,0.1724137931034483,0.1777777777777776,0.013089005235602094
0.6103896103896104,0.18356258596973865,0.2749383151216073,0.18932379349046022,0.1724137931034483,0.1777777777777776,0.12408376963350785
0.5454545454545454,0.21129119071825847,0.2749383151216073,0.0977162933684673,0.1724137931034483,0.1777777777777776,0.5274869109947644
0.6818181818181818,0.19712392147055144,0.2749383151216073,0.16351010101010105,0.06896551724137928,0.1777777777777776,0.09424083769633508
0.3553719008264463,0.21762996029171316,0.2749383151216073,0.1603535353535354,0.10344827586206895,0.1777777777777776,0.08743455497382199
0.33333333333333337,0.21787188052662604,0.2749383151216073,0.11363636363636365,0.10344827586206895,0.28888888888888875,0.06753926701570681
0.2727272727272727,0.2200825309491059,0.2749383151216073,0.15151515151515155,0.10344827586206895,0.28888888888888875,0.09581151832460733
0.36363636363636365,0.2200825309491059,0.2749383151216073,0.7260101010101011,0.1724137931034483,0.28888888888888875,0.29712041884816753
0.3232323232323232,0.19408528198074276,0.2749383151216073,0.15151515151515155,0.1724137931034483,0.15555555555555545,0.07591623036649214
0.4431818181818181,0.2200825309491059,0.2749383151216073,0.12941919191919193,0.10344827586206895,0.20000000000000018,0.17277486910994763
0.47107438016528924,0.21796154327103434,0.2749383151216073,0.14849348182681518,0.03448275862068967,0.15555555555555545,0.47643979057591623
0.33766233766233766,0.24008041477092368,0.2749383151216073,0.21950271950271955,0.10344827586206895,0.28888888888888875,0.4109947643979057
0.36363636363636365,0.24220784922005328,0.2749383151216073,0.12518805071996567,0.10344827586206895,0.28888888888888875,0.5287958115183246
0.4545454545454545,0.14580467675378267,0.2749383151216073,0.367564534231201,0.3793103448275862,0.15555555555555545,0.10104712041884817
0.3246753246753247,0.2200825309491059,0.2749383151216073,0.2575757575757576,0.3793103448275862,0.28888888888888875,0.04607329842931937
0.1818181818181818,0.23427457753233144,0.2749383151216073,0.21170486224249668,0.3793103448275862,0.28888888888888875,0.15706806282722513
0.34632034632034636,0.2028770789045892,0.2749383151216073,0.1444444444444445,0.03448275862068967,0.20000000000000018,0.17539267015706805
0.44805194805194803,0.19917170025716163,0.2749383151216073,0.12365502854633292,0.1724137931034483,0.22222222222222232,0.05340314136125654
0.1636363636363636,0.060099460374563526,0.1633903636018546,0.15707777071413437,0.1724137931034483,0.3333333333333335,0.24083769633507854
0.5303030303030303,0.02010369273092795,0.3274314687779616,0.15831390831390837,0.1724137931034483,0.1333333333333333,0.2997382198952879
0.5324675324675324,0.21352997922425065,0.26801530500171133,0.1912238325281804,0.10344827586206895,0.04444444444444429,0.4476439790575916
0.5340909090909091,0.3067400275103163,0.4644969255473309,0.21043771043771048,0.1724137931034483,0.1777777777777776,0.4410994764397906
0.2727272727272727,0.19502189172935958,0.2749383151216073,0.14181903422409756,0.1724137931034483,0.20000000000000018,0.02931937172774869
0.38181818181818183,0.21245667125171935,0.2749383151216073,0.020707070707070716,0.06896551724137928,0.3333333333333335,0.42670157068062825
0.3295454545454546,0.2200825309491059,0.2749383151216073,0.07575757575757577,0.10344827586206895,0.24444444444444446,0.00968586387434555
0.303030303030303,0.34612979867450294,0.4403712842204206,0.1622283440465259,0.2068965517241379,0.24444444444444446,0.02617801047120419
0.31818181818181823,0.24607977991746904,0.2749383151216073,0.15151515151515155,0.2068965517241379,0.24444444444444446,0.337696335078534
0.2954545454545454,0.31292984869325996,0.3480537791429578,0.15151515151515155,0.2068965517241379,0.20000000000000018,0.21204188481675393
0.34090909090909094,0.22203232462173317,0.2109622841029256,0.14135101010101012,0.2068965517241379,0.08888888888888902,0.2696335078534031
0.3434343434343434,0.21425556135274865,0.2685124290705709,0.20515499825844657,0.10344827586206895,0.1333333333333333,0.1544502617801047
0.33766233766233766,0.2720770288858322,0.32043238162378096,0.16212121212121217,0.2068965517241379,0.20000000000000018,0.450261780104712
0.40909090909090906,0.22130689118309477,0.2749383151216073,0.1272933415790559,0.1724137931034483,0.20000000000000018,0.030366492146596858
0.2727272727272727,0.10766199486969774,0.38559955796473244,0.17540267540267543,0.03448275862068967,0.3111111111111109,0.6780104712041884
0.5075757575757576,0.3295446318685296,0.3108546834127971,0.15151515151515155,0.2068965517241379,0.28888888888888875,0.02356020942408377
0.40909090909090906,0.19210221074282166,0.27161978241919416,0.14283377136041717,0.03448275862068967,0.28888888888888875,0.6845549738219895
0.44545454545454544,0.14142418791662256,0.23702659303646262,0.16209099542432878,0.06896551724137928,0.20000000000000018,0.15837696335078533
0.36363636363636365,0.3049156591616593,0.1276812051277294,0.18910154173312074,0.03448275862068967,0.0,0.4633507853403141
0.31818181818181823,0.18294360385144426,0.2536129714487134,0.1675849403122131,0.06896551724137928,0.20000000000000018,0.039790575916230364
0.2545454545454545,0.2125652541389768,0.32666726121971146,0.10679079956188395,0.1724137931034483,0.24444444444444446,0.0
0.5757575757575757,0.2708088703995706,0.39976959515805943,0.1860064055186007,0.03448275862068967,0.1333333333333333,0.7015706806282722
0.5727272727272728,0.15133980531160723,0.04528076787505761,0.06143162393162394,0.03448275862068967,0.1333333333333333,0.27486910994764396
0.22727272727272727,0.3483356258596974,0.4432663611796499,0.13973063973063976,0.03448275862068967,0.28888888888888875,0.03507853403141361
0.4,0.4526894954028813,0.2749383151216073,0.18562821194400148,0.06896551724137928,0.04444444444444429,0.023036649214659685
0.4825174825174825,0.21688513987447283,0.278369618886488,0.16429471313577276,0.1724137931034483,0.20000000000000018,0.24869109947643978
0.39669421487603307,0.208491400835823,0.39012233699812976,0.24496557936048385,0.2068965517241379,0.1777777777777776,0.36518324607329844
0.44628099173553715,0.21907877616268262,0.2722260297578052,0.12882200382200384,0.03448275862068967,0.20000000000000018,0.24214659685863874
0.5795454545454546,0.22708705380111066,0.2833979555868876,0.1408019589837772,0.2068965517241379,0.3333333333333335,0.3743455497382199
0.5,0.23571997393759503,0.2749383151216073,0.1310473152578416,0.03448275862068967,0.3333333333333335,0.1225130890052356
0.2975206611570248,0.1899637669003925,0.26364405645164257,0.15438942268210562,0.10344827586206895,0.22222222222222232,0.0015706806282722514
0.4675324675324676,0.2213323986879695,0.2627263661807193,0.18142968142968147,0.10344827586206895,0.1777777777777776,0.10994764397905758
0.5454545454545454,0.266819158307961,0.33627862950656057,0.16541822721598004,0.03448275862068967,0.20000000000000018,0.11727748691099477
0.21212121212121213,0.38942240955037033,0.49719143817121714,0.1781998466735748,0.03448275862068967,0.20000000000000018,0.017539267015706805
0.48051948051948046,0.20610551537471714,0.12451438555796861,0.18762897795155864,0.2068965517241379,0.28888888888888875,0.8848167539267016
0.4484848484848485,0.09457857041218043,0.2572897548405917,0.15761058864507144,0.06896551724137928,0.1777777777777776,0.5929319371727748
0.44886363636363635,0.23574352430354156,0.26260558625053615,0.20191878625613568,0.2068965517241379,0.3111111111111109,0.3782722513089005
0.4545454545454545,0.37300752488065375,0.2749383151216073,0.15411467617349972,0.2068965517241379,0.3111111111111109,0.36910994764397903
0.43939393939393934,0.1906603570503395,0.26292748937480503,0.15090560780215956,0.2068965517241379,0.28888888888888875,0.281413612565445
0.3246753246753247,0.18188249164865394,0.2534679010835917,0.16323953823953827,0.2068965517241379,0.3333333333333335,0.11047120418848168
0.2424242424242424,0.24896836313617599,0.5866569189327971,0.13842124953236065,0.1724137931034483,0.24444444444444446,0.0769633507853403
0.1948051948051948,0.20581574797866273,0.38520594582047335,0.13067668555473438,0.1724137931034483,0.24444444444444446,0.028795811518324606
0.38636363636363635,0.19263201961605167,0.2635938867738786,0.15081646504571408,0.2068965517241379,0.20000000000000018,0.0062827225130890054
0.4444444444444444,0.15508940852819808,0.2749383151216073,0.007891414141414144,0.1724137931034483,0.3333333333333335,0.09476439790575916
0.1931818181818182,0.1857661623108666,0.2749383151216073,0.10095959595959597,0.10344827586206895,0.15555555555555545,0.08010471204188481
0.13636363636363638,0.2027510316368638,0.22619467244070696,0.1253273475495698,0.10344827586206895,0.28888888888888875,0.5667539267015707
0.4545454545454545,0.19797146868219914,0.2729282680007455,0.14559252316984278,0.06896551724137928,0.2666666666666666,0.3586387434554974
0.5454545454545454,0.2200825309491059,0.2749383151216073,0.15703914141414144,0.2068965517241379,0.20000000000000018,0.38481675392670156
0.4385026737967914,0.21358321870701513,0.16404652802255898,0.2133838383838384,0.10344827586206895,0.2666666666666666,0.6151832460732984
0.4494949494949495,0.2752282105789671,0.24391963341557982,0.15151515151515155,0.2068965517241379,0.28888888888888875,0.06596858638743455
0.15151515151515152,0.21560024664421568,0.27216030100329924,0.12916521537211195,0.03448275862068967,0.2666666666666666,0.008900523560209424
0.4242424242424242,0.24047253013997894,0.2749383151216073,0.18825510001980592,0.03448275862068967,0.2666666666666666,0.08324607329842931
0.3846153846153846,0.0584780103349567,0.2734822461368294,0.17261579761579765,0.03448275862068967,0.2666666666666666,0.0225130890052356
0.36363636363636365,0.15268225584594222,0.27140807379384085,0.12280928947595621,0.2068965517241379,0.28888888888888875,0.020680628272251308
0.2727272727272727,0.15564490530102634,0.27377180059591055,0.04122420789087456,0.1724137931034483,0.1333333333333333,0.13089005235602094
0.40909090909090906,0.19747622749835533,0.24971877825627192,0.03930610452349583,0.2413793103448275,0.22222222222222232,0.07015706806282722
0.41414141414141414,0.1594222833562586,0.24569212951306713,0.16161616161616166,0.03448275862068967,0.2666666666666666,0.5379581151832461
0.31818181818181823,0.19026489772374316,0.2629125538150292,0.1553166069295102,0.3793103448275862,0.15555555555555545,0.05235602094240838
0.2727272727272727,0.19029401650618982,0.26296619235787744,0.14967382154882158,0.10344827586206895,0.2666666666666666,0.12696335078534032
0.34545454545454546,0.20008464712728813,0.2731885433330622,0.14628533859303092,0.10344827586206895,0.2666666666666666,0.06649214659685863
0.2727272727272727,0.2280379732563646,0.2737397009573229,0.1721343319703976,0.10344827586206895,0.2666666666666666,0.031413612565445025
0.40909090909090906,0.3067400275103163,0.4969926873345978,0.0420875420875421,0.2068965517241379,0.15555555555555545,0.4581151832460733
0.4545454545454545,0.2717437308221352,0.5472465497139448,0.07106319606319608,0.2068965517241379,0.3111111111111109,0.3926701570680628
0.42727272727272725,0.1949239029152061,0.2749383151216073,0.18002606712284136,0.06896551724137928,0.15555555555555545,0.3324607329842932
0.4636363636363636,0.259000568326895,0.2793164866198918,0.12475049900199606,0.03448275862068967,0.22222222222222232,0.19895287958115182
0.3553719008264463,0.2525790921595598,0.2749383151216073,0.12205387205387208,0.1724137931034483,0.28888888888888875,0.3010471204188482
0.4545454545454545,0.3417969238464424,0.30285512865703207,0.13865932047750232,0.2068965517241379,0.11111111111111116,0.2643979057591623
0.2727272727272727,0.33614167812929846,0.27787974183510994,0.20202020202020204,0.03448275862068967,0.22222222222222232,0.031937172774869106
0.4,0.28564081095628246,0.23396157954708785,0.13383838383838384,0.03448275862068967,0.22222222222222232,0.059685863874345546
0.4632034632034632,0.2200825309491059,0.2749383151216073,0.15151515151515155,0.03448275862068967,0.2666666666666666,0.11570680628272251
0.42727272727272725,0.21996231245676667,0.27935895642513725,0.16409088663423926,0.10344827586206895,0.2666666666666666,0.18324607329842932
0.4545454545454545,0.15818431911966985,0.42116924316430837,0.10101010101010105,0.1724137931034483,0.28888888888888875,0.5
0.38842975206611574,0.23804426659997496,0.2749383151216073,0.15472910927456388,0.03448275862068967,0.2666666666666666,0.1675392670157068
0.44805194805194803,0.2800761824145593,0.5636506602315555,0.16511266511266515,0.2068965517241379,0.15555555555555545,0.4803664921465968
0.9090909090909091,0.2506675297354155,0.20612376074857153,0.2569815805109923,0.2068965517241379,0.3111111111111109,0.5183246073298429
0.48484848484848486,0.1836377894046716,0.2749383151216073,0.18545694841361796,0.06896551724137928,0.2666666666666666,0.3089005235602094
0.2727272727272727,0.27405986990884296,0.2633720270278344,0.14552302687895913,0.2068965517241379,0.28888888888888875,0.14921465968586387
0.26573426573426573,0.22074912707649985,0.27961409417877514,0.16554433221099893,0.1724137931034483,0.2666666666666666,0.1950261780104712
0.2857142857142858,0.23464099037138925,0.27766795911173775,0.16868686868686872,0.2068965517241379,0.28888888888888875,0.2774869109947644
0.43356643356643354,0.2552139484739209,0.279400462010443,0.16425516425516432,0.2068965517241379,0.28888888888888875,0.18586387434554974
0.2727272727272727,0.2200825309491059,0.2749383151216073,0.15151515151515155,0.2068965517241379,0.28888888888888875,0.010471204188481674
0.5681818181818181,0.25411034373492153,0.24814207176299724,0.0969115236130943,0.2068965517241379,0.28888888888888875,0.09738219895287958
0.1818181818181818,0.2019449153897828,0.27427706415500597,0.14701276329183308,0.2068965517241379,0.28888888888888875,0.020418848167539267
0.5702479338842975,0.3968638239339752,0.47113147691223123,0.14893162393162396,0.2068965517241379,0.1333333333333333,0.0931937172774869
0.2606060606060606,0.2850756533700137,0.30555932142114733,0.16171328671328675,0.03448275862068967,0.22222222222222232,0.13219895287958114
0.4696969696969697,0.3116637489058397,0.15086358829749735,0.14535506580961127,0.2068965517241379,0.28888888888888875,0.011780104712041885
0.31818181818181823,0.2293823598483578,0.2716094809873019,0.12564671101256472,0.06896551724137928,0.2666666666666666,0.021465968586387434
0.36363636363636365,0.184631736901338,0.25044988219579617,0.14830119375573925,0.2068965517241379,0.24444444444444446,0.08429319371727749
0.47878787878787876,0.18323076050426126,0.12895864296901405,0.22759814641257947,0.03448275862068967,0.1333333333333333,0.32460732984293195
0.1818181818181818,0.14015855608015165,0.440930179386295,0.17779142779142784,0.1724137931034483,0.11111111111111116,0.1505235602094241
0.3232323232323232,0.15705889708640738,0.5541064504758548,0.1622283440465259,0.1724137931034483,0.1333333333333333,0.32591623036649214
0.3712121212121212,0.18315673973148824,0.24955595484752874,0.10696394842736309,0.10344827586206895,0.11111111111111116,0.3337696335078534
0.2897727272727273,0.2572214580467675,0.3804018329221008,0.21579430670339764,0.1724137931034483,0.08888888888888902,0.18848167539267016
0.4545454545454545,0.2544906545837042,0.2778899197822155,0.1445289289958408,0.06896551724137928,0.2666666666666666,0.21596858638743455
0.24545454545454545,0.311424216513625,0.2449675618515943,0.14196014196014198,0.06896551724137928,0.2666666666666666,0.018848167539267015
0.45867768595041325,0.15199449793672629,0.20994679154707352,0.050505050505050504,0.06896551724137928,0.3111111111111109,0.0036649214659685864
0.509090909090909,0.22705836117115347,0.2893002812686583,0.09469696969696972,0.10344827586206895,0.3111111111111109,0.1819371727748691
0.2941176470588236,0.22673427908600052,0.28882727707953004,0.1698185210312076,0.03448275862068967,0.2666666666666666,0.03821989528795811
0.11363636363636365,0.24588132763526782,0.3713093338571279,0.16407468697545036,0.1724137931034483,0.28888888888888875,0.014397905759162303
0.1818181818181818,0.23999531739295848,0.35116507548429193,0.14436184961842038,0.1724137931034483,0.28888888888888875,0.06544502617801047
0.39160839160839156,0.2282066712517194,0.3442456820585125,0.126657196969697,0.1724137931034483,0.28888888888888875,0.19371727748691098
0.4545454545454545,0.21135862189931964,0.2726483453312295,0.08863805843671618,0.06896551724137928,0.06666666666666643,0.27356020942408377
0.5454545454545454,0.2290470995588863,0.11021841916546134,0.15151515151515155,0.2068965517241379,0.1333333333333333,0.1400523560209424
0.4025974025974026,0.19408528198074274,0.2612900951709552,0.0595959595959596,0.2068965517241379,0.28888888888888875,0.6047120418848168
0.4426877470355731,0.49363567307889705,0.25202152789103477,0.1608435097241068,0.2068965517241379,0.28888888888888875,0.7264397905759162
0.12727272727272726,0.3779229711141677,0.04340601238733066,0.050505050505050504,0.10344827586206895,0.1333333333333333,0.0806282722513089
0.40909090909090906,0.15508940852819808,0.20385383621196096,0.21043771043771048,0.06896551724137928,0.0,0.48429319371727747
0.2396694214876033,0.27015130674002746,0.3406519667358581,0.1554433221099888,0.7241379310344828,0.08888888888888902,0.14790575916230367
0.5378787878787878,0.25553332499687376,0.2999255864959073,0.14214110805019897,0.7241379310344828,0.11111111111111116,0.22905759162303665
0.36363636363636365,0.27372764786795045,0.4482490446536974,0.17115600448933788,0.1724137931034483,0.2666666666666666,0.4882198952879581
0.33333333333333337,0.2739339752407152,0.44066670023666843,0.18813131313131315,0.03448275862068967,0.20000000000000018,0.06910994764397906
0.6363636363636364,0.472883365744913,0.3008228702004303,0.12794612794612797,0.2413793103448275,0.24444444444444446,0.05130890052356021
0.23106060606060605,0.23138568267448117,0.27564474472567835,0.11308739569609139,0.1724137931034483,0.11111111111111116,0.2670157068062827
0.36363636363636365,0.17320224592418879,0.31129627810490185,0.11963901308163608,0.31034482758620685,0.11111111111111116,0.21858638743455497
0.2348484848484849,0.25942047346702385,0.15821011817524072,0.14918926103136632,0.03448275862068967,0.2666666666666666,0.06806282722513089
0.2727272727272727,0.1758318944072112,0.21686078341670478,0.08757790672684293,0.2068965517241379,0.28888888888888875,0.0075916230366492145
0.4755244755244755,0.23692581901311582,0.2581183257458037,0.041968985630957474,0.10344827586206895,0.28888888888888875,0.49345549738219896
0.5104895104895104,0.14209078404401648,0.2446089374534915,0.09848484848484848,0.03448275862068967,0.1333333333333333,0.2513089005235602
0.196969696969697,0.1800867633054703,0.2657520132317453,0.1483585858585859,0.03448275862068967,0.2666666666666666,0.027225130890052355
0.4444444444444444,0.1293374166255742,0.2651282738273381,0.14606759418080176,0.06896551724137928,0.04444444444444429,0.0774869109947644
0.5194805194805194,0.21624057297348576,0.2698958693270314,0.10710553814002091,0.2068965517241379,0.1333333333333333,0.443717277486911
0.5454545454545454,0.24878782668500687,0.22944424861943363,0.1501196172248804,0.2068965517241379,0.3333333333333335,0.004712041884816754
0.13636363636363638,0.3424225260943442,0.27559999352904035,0.1789958407605467,0.2068965517241379,0.28888888888888875,0.010209424083769634
0.3434343434343434,0.3038987981148668,0.48749256025471366,0.15006623613180992,0.03448275862068967,0.2666666666666666,0.04031413612565445
0.46212121212121204,0.2196463354966166,0.26598661503194837,0.15191060493073918,0.03448275862068967,0.3111111111111109,0.07539267015706806
0.36363636363636365,0.27619460558579034,0.37242560048340806,0.12296881862099257,0.1724137931034483,0.3333333333333335,0.19764397905759162
0.48051948051948046,0.21854423219358143,0.272919347673286,0.1460761460761461,0.10344827586206895,0.2666666666666666,0.0712041884816754
0.4,0.23941932770243385,0.2758782751733051,0.09502740907699586,0.2068965517241379,0.28888888888888875,0.14267015706806283
0.34545454545454546,0.2661063688356818,0.28612616781124256,0.1351281958339375,0.2068965517241379,0.24444444444444446,0.019895287958115182
0.28282828282828276,0.4222833562585969,0.26459875455293147,0.10241301907968578,0.1724137931034483,0.3111111111111109,0.0356020942408377
0.26573426573426573,0.11624967470909697,0.2645137052885593,0.1464390526890527,0.1724137931034483,0.3333333333333335,0.004450261780104712
0.4385026737967914,0.2800761824145593,0.30118489194978443,0.18324268324268328,0.2068965517241379,0.08888888888888902,0.3219895287958115
0.4380165289256198,0.22751031636863828,0.3431794148748678,0.14141414141414146,0.1724137931034483,0.3333333333333335,0.20680628272251309
0.40909090909090906,0.24946298355033825,0.27741281108365146,0.15635810156358107,0.2068965517241379,0.1333333333333333,0.29842931937172773
0.43939393939393934,0.2610849034831014,0.42531299802308736,0.1384651888007593,0.1724137931034483,0.1333333333333333,0.12827225130890052
0.4606060606060606,0.25135957440994017,0.3924395464848373,0.1275168907619239,0.03448275862068967,0.28888888888888875,0.39921465968586384
0.1818181818181818,0.16808803301237965,0.2749383151216073,0.2575757575757576,0.03448275862068967,0.3111111111111109,0.002356020942408377
0.7272727272727273,0.18245493375805402,0.22555330872122148,0.13058213716108458,0.03448275862068967,0.2666666666666666,0.024607329842931937
0.5151515151515151,0.21122897866885837,0.2644627077033436,0.14549519967476626,0.03448275862068967,0.11111111111111116,0.1531413612565445
0.41322314049586784,0.19408528198074274,0.4455410645047585,0.10732323232323235,0.10344827586206895,0.1333333333333333,0.12041884816753927
0.4772727272727273,0.14895798188471618,0.2942518339196999,0.11482752048789788,0.1724137931034483,0.3111111111111109,0.10837696335078534
0.12121212121212122,0.23030381478455647,0.29024473001953494,0.169055869303258,0.06896551724137928,0.2666666666666666,0.060732984293193716
0.2727272727272727,0.16483837689133427,0.20243214663376807,0.20675505050505055,0.03448275862068967,0.28888888888888875,0.33638743455497383
0.2597402597402597,0.2200825309491059,0.2749383151216073,0.23989898989898994,0.03448275862068967,0.2666666666666666,0.0028795811518324606
0.4545454545454545,0.24579409586287165,0.32743146877796153,0.09939134939134939,0.2068965517241379,0.24444444444444446,0.03926701570680628
0.41666666666666663,0.2178842341613399,0.2671499287367244,0.17339015151515155,0.03448275862068967,0.11111111111111116,0.3638743455497382
0.38842975206611574,0.2791671876953858,0.4507108447890965,0.14972961942658916,0.03448275862068967,0.2666666666666666,0.16099476439790575
0.27751196172248804,0.20764906405119307,0.26378237881411776,0.1430610452349583,0.1724137931034483,0.3333333333333335,0.05549738219895288
0.2606060606060606,0.23048143053645115,0.29010300395566524,0.09259259259259262,0.03448275862068967,0.3111111111111109,0.012827225130890052
0.4195804195804195,0.28447106618470297,0.3795812805862727,0.2727859995301856,0.1724137931034483,0.04444444444444429,0.4319371727748691
0.4829545454545454,0.2190384647254769,0.26808679908212335,0.13234757210660827,0.03448275862068967,0.15555555555555545,0.060209424083769635
0.43540669856459335,0.18444017015876088,0.27612044440867173,0.1626501232800446,0.06896551724137928,0.0,0.3795811518324607
0.5454545454545454,0.23220811349032006,0.27544757706006445,0.14887682798130564,0.31034482758620685,0.1333333333333333,0.7997382198952879
0.25568181818181823,0.19215160230540998,0.25278211390301625,0.18135904499540867,0.31034482758620685,0.1333333333333333,0.32853403141361254
0.4545454545454545,0.21774841262067707,0.2675522196189015,0.1741960041592395,0.03448275862068967,0.2666666666666666,0.106282722513089
0.461038961038961,0.13060769425305788,0.1058656352396503,0.17093581555464968,0.2068965517241379,0.1333333333333333,0.013350785340314135
0.1818181818181818,0.3939714147772302,0.3608045995793523,0.13278480165897388,0.10344827586206895,0.2666666666666666,0.014921465968586387
0.43181818181818177,0.22714700077746547,0.24526827175062454,0.11821109647196607,0.03448275862068967,0.2666666666666666,0.225130890052356
0.36363636363636365,0.18682005752157055,0.2761313413410699,0.1622283440465259,0.2413793103448275,0.2666666666666666,0.05445026178010471
0.20454545454545456,0.2144309550864183,0.26504830066461305,0.11308739569609136,0.2413793103448275,0.3333333333333335,0.17801047120418848
0.40340909090909094,0.22971114167812928,0.28757555581665556,0.13514777403666295,0.2068965517241379,0.24444444444444446,0.2356020942408377
0.4329004329004329,0.2200825309491059,1.0,0.41666666666666674,0.0,0.11111111111111116,0.3298429319371728
0.2681818181818182,0.20008464712728813,0.2276944768308885,0.04273504273504274,0.10344827586206895,0.24444444444444446,0.09842931937172775
0.3522727272727273,0.20569808820007904,0.26349749958111984,0.12280928947595615,0.2413793103448275,0.3111111111111109,0.07329842931937172
0.4545454545454545,0.1936790749656121,0.2536129714487134,0.14835858585858588,0.10344827586206895,0.28888888888888875,0.019109947643979056
0.20202020202020202,0.21770563961485556,0.26773925404873583,0.12929292929292932,0.03448275862068967,0.28888888888888875,0.05654450261780104
0.4363636363636363,0.34506930483546716,0.33180589824932444,0.13338513338513341,0.2413793103448275,0.2666666666666666,0.08219895287958115
0.4380165289256198,0.20595359129238677,0.25917610458077267,0.1394378568291612,0.10344827586206895,0.08888888888888902,0.24476439790575916
0.40909090909090906,0.1838406793852042,0.24688296798850107,0.16578831796223104,0.10344827586206895,0.28888888888888875,0.02198952879581152
0.505050505050505,0.3237525421726399,0.310524164686191,0.1374171159447233,0.7586206896551723,0.8222222222222224,0.016492146596858638
0.2727272727272727,0.15584222461801553,0.22594766073793215,0.25423150423150426,0.10344827586206895,0.24444444444444446,0.02094240837696335
0.5454545454545454,0.11609353507565337,0.08158853248736926,0.15151515151515155,0.2068965517241379,0.2666666666666666,0.18717277486910994
0.43873517786561267,0.1700878213945614,0.28806160353569593,0.12771950271950275,0.2068965517241379,0.11111111111111116,0.2107329842931937
0.47058823529411764,0.172044136116261,0.2749383151216073,0.243741765480896,0.10344827586206895,0.08888888888888902,0.1649214659685864
0.5594405594405595,0.2354756388908999,0.25039546345596103,0.18872939925571508,0.7586206896551723,1.0,0.04345549738219895
0.8181818181818182,0.16690633987745407,0.2503818587710023,0.1505107897153352,0.7586206896551723,0.9333333333333331,0.01963350785340314
0.2727272727272727,0.22793116277164732,0.2875098736924609,0.1325457806939289,0.2413793103448275,0.2666666666666666,0.059162303664921465
0.4064171122994653,0.20622449327588754,0.2638676745127221,0.13008876645240283,0.2413793103448275,0.2666666666666666,0.16230366492146597
0.4242424242424242,0.1949239029152061,0.46205100799345056,0.2142391658520691,0.7586206896551723,0.7333333333333334,0.10209424083769633
0.2673796791443851,0.2909841190446417,0.5308424391963341,0.22784664830119383,0.0,0.24444444444444446,0.112565445026178
0.29292929292929293,0.24962485932224587,0.23771589707437435,0.11535812672176313,0.03448275862068967,0.28888888888888875,0.03769633507853403
0.4444444444444444,0.2290470995588863,0.2749383151216073,0.04789272030651342,0.03448275862068967,0.04444444444444429,0.4018324607329843
0.4545454545454545,0.38065377457723115,0.535860167119368,0.0007427213309566284,0.0,0.24444444444444446,0.09528795811518324
0.34545454545454546,0.19870321436328095,0.412498005676864,0.13992798801411246,0.0,0.24444444444444446,0.06335078534031413
0.2870813397129187,0.2998074277854195,0.16575255551639057,0.17272727272727278,0.3793103448275862,0.15555555555555545,0.1963350785340314
0.3090909090909091,0.2034885422458954,0.23380006349730137,0.1552761659144638,0.06896551724137928,0.15555555555555545,0.3507853403141361
0.3116883116883117,0.19714378185937376,0.319495739078148,0.16815210932857996,0.0,0.2666666666666666,0.09790575916230367
0.4545454545454545,0.16437414030261346,0.1896369404300317,0.10101010101010105,0.2413793103448275,0.11111111111111116,0.25392670157068065
0.2803030303030303,0.2401839924155798,0.2860582198841454,0.15114456938356313,0.5862068965517241,0.15555555555555545,0.0706806282722513
0.428030303030303,0.36863823933975237,0.4455410645047585,0.12626262626262627,0.27586206896551724,0.08888888888888902,0.3900523560209424
0.31404958677685946,0.22408210771346943,0.24869173829343022,0.12432012432012435,0.10344827586206895,0.24444444444444446,0.09267015706806282
0.40340909090909094,0.23292067858780374,0.2812569354691314,0.1602444195036788,0.2413793103448275,0.2666666666666666,0.23167539267015705
0.44976076555023925,0.2102722483195349,0.2399900430107731,0.1128263769773204,0.2413793103448275,0.15555555555555545,0.13743455497382198
0.1818181818181818,0.33978209454444697,0.07610633382613612,0.10646028631640145,0.1724137931034483,0.24444444444444446,0.007853403141361256
0.46212121212121204,0.20963720770288855,0.26503726270204947,0.1382866493886231,0.2413793103448275,0.2666666666666666,0.31544502617801046
0.2727272727272727,0.21655537027502636,0.26921978720932294,0.13472715986682468,0.2413793103448275,0.24444444444444446,0.005235602094240837
0.7272727272727273,0.18294360385144426,0.04340601238733066,0.012626262626262624,0.1724137931034483,0.24444444444444446,0.11623036649214659
0.4587737843551797,0.18574654174560742,0.21699775872732957,0.26824852296550417,0.2413793103448275,0.15555555555555545,0.46596858638743455
0.44886363636363635,0.13342503438789544,0.2749383151216073,0.16329966329966333,0.0,0.28888888888888875,0.4044502617801047
0.300395256916996,0.18028523854340114,0.24285613575708742,0.15791245791245798,0.2413793103448275,0.3111111111111109,0.08481675392670157
0.2727272727272727,0.19069673204456264,0.2755320109931868,0.1402447291709037,0.2413793103448275,0.15555555555555545,0.4607329842931937
0.4242424242424242,0.14886317663241364,0.24339831103396598,0.18865121806298282,0.0,0.28888888888888875,0.009162303664921465
0.31818181818181823,0.2200825309491059,0.5479027141346493,0.292929292929293,0.1724137931034483,0.24444444444444446,0.3075916230366492
0.4545454545454545,0.2293528155267769,0.289729599573477,0.17147341508555752,0.06896551724137928,0.24444444444444446,0.07905759162303665
0.3305785123966942,0.2030843297005608,0.23744320536706864,0.10732323232323235,0.03448275862068967,0.24444444444444446,0.4096858638743455
0.41414141414141414,0.4247417249553689,0.2313801663429304,0.2116913819041479,0.2068965517241379,0.3111111111111109,0.5431937172774869
0.40909090909090906,0.22427563562142255,0.2771396409200996,0.11159986966438581,0.03448275862068967,0.28888888888888875,0.1793193717277487
0.43540669856459335,0.22808963197264548,0.28870701116261827,0.16853990726941548,0.03448275862068967,0.28888888888888875,0.25523560209424084
0.2545454545454545,0.21189937752080756,0.24457680887545324,0.2743537065570964,0.06896551724137928,0.24444444444444446,0.11675392670157067
0.34545454545454546,0.2127297736651244,0.26688207417851406,0.18421139499570877,0.06896551724137928,0.24444444444444446,0.00549738219895288
0.9090909090909091,0.3098012977692721,0.30089960307121727,0.1649648660518226,0.1724137931034483,0.28888888888888875,0.34424083769633507
0.5909090909090909,0.20008464712728813,0.25795523599749276,0.16511266511266515,0.2413793103448275,0.24444444444444446,0.19240837696335078
0.36363636363636365,0.2623002856840546,0.30118489194978443,0.16813433480100148,0.7586206896551723,0.9777777777777779,0.00706806282722513
0.2727272727272727,0.23933975240715272,0.2857274218019647,0.13230792776247324,0.10344827586206895,0.3333333333333335,0.04712041884816754
0.2909090909090909,0.3130653922228135,0.27044148677209195,0.14274128142741285,0.2068965517241379,0.2666666666666666,0.0612565445026178
0.3712121212121212,0.13342503438789544,0.29768534837269417,0.13973063973063976,0.1724137931034483,0.15555555555555545,0.11884816753926701
0.21818181818181817,0.26029926968469524,0.31578243560007807,0.17886042747921202,0.2068965517241379,0.2666666666666666,0.008638743455497382
0.44999999999999996,0.20022352132049515,0.384882309168527,0.1509013748597082,0.2068965517241379,0.28888888888888875,0.418848167539267
0.2727272727272727,0.29416388288465317,0.30201811661099637,0.13374485596707822,0.0,0.28888888888888875,0.17408376963350786
0.43272727272727274,0.2200825309491059,0.4154346969665554,0.1619132501485443,0.2413793103448275,0.022222222222222143,0.6112565445026178
0.16528925619834714,0.2708088703995706,0.39976959515805943,0.2312761763981277,0.0,0.28888888888888875,0.13612565445026178
0.5,0.2706327372764787,0.33180589824932444,0.033670033670033676,0.2413793103448275,0.2666666666666666,0.306282722513089
0.7272727272727273,0.2200825309491059,0.2749383151216073,0.15151515151515155,0.2413793103448275,0.2666666666666666,0.5445026178010471
0.4545454545454545,0.15978770653452876,0.2112192159544063,0.2835584763295607,0.2068965517241379,0.28888888888888875,0.5458115183246073
0.5454545454545454,0.27978551549854447,0.29080833832004005,0.20598426121681943,0.7586206896551723,0.8222222222222224,0.02827225130890052
0.20454545454545456,0.046767537826684996,0.29768534837269417,0.19570707070707075,0.2068965517241379,0.2666666666666666,0.025654450261780103
0.40909090909090906,0.21508870911337513,0.332127184029707,0.10890448743556089,0.7586206896551723,0.911111111111111,0.0450261780104712
0.44999999999999996,0.18299049643616352,0.2431703898961105,0.15441664115906545,0.03448275862068967,0.1333333333333333,0.0900523560209424
0.8181818181818182,0.14352936699088245,0.22261114772187401,0.1232183495029345,0.2413793103448275,0.2666666666666666,0.15968586387434555
0.303030303030303,0.2943603851444292,0.3886734813770415,0.20202020202020207,0.0,0.2666666666666666,0.20549738219895286
0.4545454545454545,0.2968061193679337,0.3189264804677857,0.15552222367143456,0.2068965517241379,0.11111111111111116,0.23036649214659685
0.42657342657342656,0.2358384394147805,0.18705205028786281,0.10866238138965414,0.1724137931034483,0.1333333333333333,0.4214659685863874
0.47058823529411764,0.29209369006335123,0.24129833637000003,0.14357186892398163,0.2068965517241379,0.11111111111111116,0.4515706806282722
0.481283422459893,0.2015130674002751,0.26518958658542724,0.2146464646464647,0.0,0.1777777777777776,0.4293193717277487
0.4797979797979798,0.23162497315499486,0.2793860590533841,0.29075672930421537,0.0,0.04444444444444429,0.6007853403141361
0.44781144781144777,0.19312242090784046,0.2738099900595495,0.09177422371866817,0.2413793103448275,0.11111111111111116,0.34293193717277487
0.4545454545454545,0.2130412233169049,0.26973054323540596,0.11790031462162612,0.2413793103448275,0.24444444444444446,0.1031413612565445
0.303030303030303,0.3136726272352132,0.2749383151216073,0.11616161616161619,0.9310344827586207,0.7333333333333334,0.07853403141361257
0.4880382775119617,0.24793672627235214,0.42116924316430837,0.22727272727272735,0.10344827586206895,0.1333333333333333,0.4450261780104712
0.4242424242424242,0.17469050894085283,0.16033161502513538,0.1596424010217114,0.4482758620689655,0.15555555555555545,0.22643979057591623
0.5909090909090909,0.14096046887147898,0.2304332500651331,0.15151515151515155,0.0,0.24444444444444446,0.09633507853403141
0.4155844155844155,0.2200825309491059,0.2749383151216073,0.14562289562289563,0.0,0.28888888888888875,0.012303664921465968
0.5,0.23563644058829752,0.2773243675605325,0.11978761978761981,0.03448275862068967,0.08888888888888902,0.23298429319371727
0.3426573426573427,0.22672269515929155,0.2855528846790928,0.1692995114047746,0.03448275862068967,0.28888888888888875,0.10157068062827225
0.5,0.28935376832662957,0.3525585233717614,0.17622911580257555,0.9310344827586207,0.911111111111111,0.10052356020942409
0.20979020979020976,0.5450481430536451,0.786746563271061,0.21780303030303033,0.2068965517241379,0.24444444444444446,0.08534031413612565
0.4512987012987013,0.2200825309491059,0.2749383151216073,0.15151515151515155,0.0,0.28888888888888875,0.2892670157068063
0.3434343434343434,0.2145804676753783,0.2707259015565913,0.31144781144781153,0.03448275862068967,0.1777777777777776,0.41492146596858637
0.2857142857142858,0.20708390646492433,0.2572897548405917,0.14621212121212124,0.2413793103448275,0.2666666666666666,0.00418848167539267
0.445141065830721,0.2120833774203788,0.26014479000027113,0.12160062160062163,0.1724137931034483,0.1777777777777776,0.5039267015706806
0.36363636363636365,0.21679308312045587,0.272186657873492,0.17130895420369108,0.2413793103448275,0.2666666666666666,0.017277486910994764
0.3321678321678322,0.2330811554332875,0.2805581703954052,0.12448009506833038,0.2413793103448275,0.24444444444444446,0.1701570680628272
0.4825174825174825,0.3614710779700282,0.41261772690450127,0.19803296119085595,0.1724137931034483,0.2666666666666666,0.2918848167539267
0.505050505050505,0.1939477303988996,0.22017693877639832,0.2800224466891134,0.0,0.28888888888888875,0.5589005235602094
0.4049586776859504,0.23445748037867142,0.2772799214856898,0.20454545454545459,0.2413793103448275,0.15555555555555545,0.5091623036649214
0.21428571428571427,0.21308327161146967,0.24810848103058186,0.1342916342916343,0.10344827586206895,0.20000000000000018,0.41623036649214656
0.2924901185770751,0.16004126547455294,0.22222296822226328,0.11784511784511786,0.03448275862068967,0.22222222222222232,0.09162303664921466
0.4588744588744589,0.23107401488793589,0.28564688081100886,0.1693573434883596,0.10344827586206895,0.22222222222222232,0.10366492146596859
0.4421487603305785,0.12108638421527276,0.2564092747912518,0.0941534550806074,0.1724137931034483,0.28888888888888875,0.19109947643979058
0.4545454545454545,0.311424216513625,0.2546504206003677,0.1132951132951133,0.10344827586206895,0.22222222222222232,0.6073298429319371
0.4976076555023924,0.2909841190446417,0.2852778756902831,0.2640036730945823,0.03448275862068967,0.1777777777777776,0.5078534031413613
0.48484848484848486,0.2836313617606602,0.2521912818705205,0.11223344556677892,0.03448275862068967,0.1777777777777776,0.5903141361256544
0.3232323232323232,0.19671504032947265,0.27459021728568983,0.16076789745428802,0.06896551724137928,0.22222222222222232,0.005759162303664921
0.49350649350649356,0.19679019805837591,0.2742808864149285,0.15866760086413267,0.10344827586206895,0.22222222222222232,0.0905759162303665
0.39160839160839156,0.19870321436328095,0.24928376634218607,0.1397845734230174,0.10344827586206895,0.22222222222222232,0.006544502617801047
0.4545454545454545,0.2405493768705978,0.25779231015847653,0.1687477793005432,0.2068965517241379,0.28888888888888875,0.011518324607329843
0.4426877470355731,0.3200719500581949,0.4297931184078522,0.1460761460761461,0.1724137931034483,0.28888888888888875,0.569371727748691
0.4,0.2340595465234947,0.27747830642755994,0.12300423590746173,0.03448275862068967,0.1777777777777776,0.36780104712041883
0.5021645021645021,0.2027510316368638,0.16120314886617315,0.09259259259259262,0.1724137931034483,0.1333333333333333,0.6204188481675392
0.46212121212121204,0.19462130773266778,0.22613185846818007,0.1222436998854525,0.1724137931034483,0.15555555555555545,0.5759162303664921
0.4545454545454545,0.16437414030261346,0.20182285110025683,0.0,0.1724137931034483,0.08888888888888902,0.3520942408376963
0.3214285714285714,0.22261884792162911,0.293246902860287,0.09115545700911556,0.1724137931034483,0.28888888888888875,0.03612565445026178
0.2484848484848485,0.22997720860651216,0.2843371805290559,0.13087075130870757,0.06896551724137928,0.2666666666666666,0.01806282722513089
0.48,0.1978572326126938,0.2743199651782106,0.1582680739984111,0.03448275862068967,0.22222222222222232,0.10785340314136126
0.4545454545454545,0.3107308332730037,0.3377919596311894,0.1685716817295765,0.2068965517241379,0.1333333333333333,0.3730366492146597
0.450592885375494,0.21045392022008252,0.37182382711697715,0.12065095398428735,0.2068965517241379,0.1333333333333333,0.12356020942408377
0.31818181818181823,0.32233285730556605,0.39012233699812976,0.15207810589976195,0.10344827586206895,0.3111111111111109,0.007329842931937173
0.46041055718475077,0.2912365501549062,0.39292526329313243,0.22255262909468523,0.10344827586206895,0.06666666666666643,0.0869109947643979
0.34545454545454546,0.2901182232130152,0.38082967680770113,0.13978143504005577,0.03448275862068967,0.22222222222222232,0.010732984293193717
0.1818181818181818,0.1834799060478004,0.3476138545700256,0.16057688801371117,0.9999999999999999,0.7333333333333334,0.09214659685863874
0.4475524475524476,0.1997645956390755,0.25461319041773695,0.1621429014067051,0.2068965517241379,0.24444444444444446,0.11937172774869109
0.43506493506493504,0.2200825309491059,0.30692633063094815,0.08522727272727273,0.31034482758620685,0.28888888888888875,0.28534031413612565
0.31818181818181823,0.2863874411619954,0.35006613136372894,0.13908195100855655,0.9999999999999999,0.6888888888888891,0.2526178010471204
0.31974921630094044,0.26596002912857025,0.2548674034294719,0.18270944741532982,0.1724137931034483,0.28888888888888875,0.2630890052356021
0.45833333333333337,0.19716320830677359,0.25367798774039907,0.14467313645468474,0.03448275862068967,0.06666666666666643,0.35340314136125656
0.46875,0.2078485314345821,0.08426465404632068,0.1619132501485443,0.1724137931034483,0.08888888888888902,0.12513089005235603
0.47902097902097895,0.23545036285158655,0.34329146922585835,0.11703239289446188,0.1724137931034483,0.24444444444444446,0.32722513089005234
0.8636363636363636,0.2711882340493069,0.4197805353956218,0.27691444358111034,0.1724137931034483,0.24444444444444446,0.3390052356020942
0.47811447811447816,0.19284731774415403,0.24510129748057136,0.13811728395061731,0.06896551724137928,0.22222222222222232,0.01413612565445026
0.31818181818181823,0.1739762988043593,0.21442537410108786,0.2240352240352241,0.06896551724137928,0.11111111111111116,0.0738219895287958
0.38961038961038963,0.40385618744960394,0.20507943067592038,0.11189481017067227,0.2413793103448275,0.24444444444444446,0.11204188481675392
0.3196480938416423,0.19971330961066922,0.2746485686043126,0.15914065931049629,0.2068965517241379,0.24444444444444446,0.015706806282722512
0.36363636363636365,0.1928761076101212,0.2452682717506245,0.07546394174301152,0.03448275862068967,0.22222222222222232,0.013612565445026177
0.48484848484848486,0.23874084360582587,0.34677105170398675,0.12360446570972888,0.2068965517241379,0.1333333333333333,0.2094240837696335
0.4786096256684492,0.23255595848443167,0.27715393524346643,0.12540174471992657,0.03448275862068967,0.11111111111111116,0.09685863874345549
0.47792207792207786,0.1929657832213396,0.2454705675008812,0.16276400367309463,0.2068965517241379,0.1777777777777776,0.24345549738219896
0.3939393939393939,0.17488937869773452,0.21562376197978883,0.16642326883290742,0.03448275862068967,0.28888888888888875,0.0013089005235602093
0.24431818181818185,0.2729111652163679,0.2749383151216073,0.1445830857595564,0.03448275862068967,0.2666666666666666,0.2238219895287958
0.4545454545454545,0.23255123549028722,0.28841070891596027,0.12960705815512882,0.2068965517241379,0.08888888888888902,0.25785340314136124
0.4545454545454545,0.31433287482806055,0.42936539641509686,0.13985634118967455,0.10344827586206895,0.06666666666666643,0.27225130890052357
0.40909090909090906,0.23472886839607104,0.32299542762390343,0.16680893441456826,0.10344827586206895,0.22222222222222232,0.041361256544502616
0.474025974025974,0.2562143007017463,0.3284323975553073,0.14062037944934713,0.2068965517241379,0.28888888888888875,0.03717277486910995
0.25,0.22529501194526896,0.2729290078046177,0.13121647092938962,0.10344827586206895,0.2666666666666666,0.03350785340314136
0.44781144781144777,0.18408634006983385,0.21869565048979922,0.06539756539756542,0.10344827586206895,0.11111111111111116,0.1256544502617801
0.196969696969697,0.25178649310564627,0.3121102962880175,0.037981440420464814,0.10344827586206895,0.2666666666666666,0.28403141361256545
0.2620320855614974,0.24026221371475842,0.33800963459052996,0.16795016278487357,0.2068965517241379,0.28888888888888875,0.02774869109947644
0.5165289256198347,0.2283356258596974,0.24063723323504782,0.11971567527123086,0.2068965517241379,0.24444444444444446,0.2604712041884817
0.2474747474747475,0.1952205330273962,0.24853586342667772,0.13946146042215912,0.10344827586206895,0.22222222222222232,0.012565445026178011
0.36363636363636365,0.09178441915718394,0.24613525353743892,0.29308233853688404,0.06896551724137928,0.28888888888888875,0.662303664921466
0.3125,0.19969253175823284,0.2738768726763502,0.11572169660404957,0.2068965517241379,0.24444444444444446,0.018586387434554975
0.28409090909090906,0.0,0.25612497935003176,0.15443789749345305,0.06896551724137928,0.2666666666666666,0.050261780104712044
0.4242424242424242,0.29590784044016505,0.2294442486194337,0.23989898989898994,0.31034482758620685,0.1777777777777776,0.3481675392670157
0.31404958677685946,0.24744805617896187,0.25698013097601247,0.17361111111111116,0.1724137931034483,0.28888888888888875,0.331151832460733
0.4155844155844155,0.2717729674943893,0.31534422944919577,0.14841396420343791,0.1724137931034483,0.24444444444444446,0.16361256544502617
0.36363636363636365,0.1623108665749656,0.1991148709513179,0.09259259259259262,0.1724137931034483,0.24444444444444446,0.0112565445026178
0.4383116883116883,0.19805475440386922,0.2738265344152981,0.24198979037688723,0.03448275862068967,0.06666666666666643,0.5471204188481675
0.4747474747474747,0.16658271499699712,0.19504336558654006,0.1793166405842463,0.2068965517241379,0.28888888888888875,0.5523560209424083
0.4702194357366771,0.22706721987958595,0.22040137064666554,0.13756263300889898,0.2413793103448275,0.24444444444444446,0.11465968586387434
0.6060606060606061,0.13342503438789546,0.21807073199389027,0.12205387205387208,0.03448275862068967,0.2666666666666666,0.05497382198952879
0.23923444976076555,0.2200825309491059,0.2749383151216073,0.15151515151515155,0.03448275862068967,0.22222222222222232,0.009947643979057591
0.32887700534759357,0.2803961485557084,0.2285343672893902,0.09353535353535353,0.2068965517241379,0.24444444444444446,0.04293193717277487
0.5,0.25454858071776915,0.2025613911408765,0.19526068768493013,0.2068965517241379,0.1777777777777776,0.45418848167539266
0.47911547911547914,0.19458636274317154,0.2571860008118967,0.28391554433221106,0.03448275862068967,0.1777777777777776,0.5405759162303665
0.3220779220779221,0.3624484181568088,0.204361582489887,0.05681818181818183,0.06896551724137928,0.2666666666666666,0.003926701570680628
0.5217391304347826,0.27629279898881,0.34871247701702407,0.14196014196014198,0.2068965517241379,0.06666666666666643,0.43717277486910994
0.457680250783699,0.23723807595360952,0.36240469932312136,0.10934215248936066,0.10344827586206895,0.08888888888888902,0.612565445026178
0.4545454545454545,0.23267494841815678,0.21229511808248147,0.14184816919191923,0.2068965517241379,0.24444444444444446,0.6544502617801047
0.5,0.3600677177018305,0.21369630252252741,0.24669774669774674,0.10344827586206895,0.22222222222222232,0.6950261780104712
0.40909090909090906,0.32253322806703394,0.31733663153635494,0.15360707668399975,0.2413793103448275,0.28888888888888875,0.29581151832460734
0.5757575757575757,0.21817096852496154,0.2799560430446412,0.1619132501485443,0.1724137931034483,0.15555555555555545,0.49476439790575916
0.4303030303030303,0.19969821458966844,0.2692176204847185,0.16261650319621337,0.2413793103448275,0.1333333333333333,0.17670157068062828
0.4545454545454545,0.19779917469050892,0.24569212951306713,0.1767676767676768,0.2413793103448275,0.1333333333333333,0.556282722513089
0.3232323232323232,0.1925079208073814,0.2463593050104359,0.09093746453297016,0.06896551724137928,0.20000000000000018,0.03455497382198953
0.31313131313131315,0.2834123222748815,0.3978369781843513,0.15335822681794248,0.2068965517241379,0.22222222222222232,0.11518324607329843
0.4736842105263157,0.29374140302613483,0.4103373225685527,0.165719696969697,0.10344827586206895,0.11111111111111116,0.5261780104712042
0.2981818181818182,0.22829910774062395,0.25259388422894685,0.1311790471082507,0.2068965517241379,0.22222222222222232,0.23821989528795812
0.4380165289256198,0.27278881797101556,0.3223279677280382,0.15388703418364438,0.1724137931034483,0.28888888888888875,0.0193717277486911
0.5189393939393939,0.2313949627662097,0.3401539473981222,0.10971786833855801,0.10344827586206895,0.1333333333333333,0.46858638743455494
0.368421052631579,0.24744805617896187,0.14923102610244326,0.28176501860712394,0.10344827586206895,0.28888888888888875,0.28795811518324604
0.4755244755244755,0.2525790921595598,0.2536129714487134,0.23989898989898994,0.10344827586206895,0.11111111111111116,0.6452879581151832
0.5018181818181817,0.2895579376749039,0.27221972376518827,0.14897538604435162,0.06896551724137928,0.1333333333333333,0.5130890052356021
0.30419580419580416,0.3747497083558232,0.2486640520309532,0.14951311919999463,0.2068965517241379,0.24444444444444446,0.015445026178010472
0.4363636363636363,0.31726850840093074,0.27238724597195274,0.1482110827905221,0.2068965517241379,0.24444444444444446,0.04554973821989529
0.5,0.23508958444968198,0.2548292458026808,0.1426617029081957,0.2068965517241379,0.08888888888888902,0.13481675392670156
0.5757575757575757,0.25418124820063337,0.27323375707436826,0.2507242972359252,0.06896551724137928,0.22222222222222232,0.5615183246073299
0.22077922077922077,0.22985195253477364,0.2847113244262461,0.1673073799339434,0.2068965517241379,0.24444444444444446,0.11413612565445026
0.4575757575757575,0.218684829391667,0.25017339988856924,0.13868523949169112,0.2068965517241379,0.08888888888888902,0.12094240837696335
0.36363636363636365,0.15126628367990938,0.2921419537148663,0.1232917409387998,0.10344827586206895,0.22222222222222232,0.27617801047120416
0.29292929292929293,0.2259246093689628,0.3631150170499776,0.22500283736238796,0.2068965517241379,0.15555555555555545,0.5222513089005235
0.4486803519061583,0.1924950480965678,0.2556495540709806,0.15611505388457064,0.1724137931034483,0.11111111111111116,0.1387434554973822
0.48636363636363633,0.3090204879461377,0.04148192122887409,0.2538543328017013,0.1724137931034483,0.22222222222222232,0.5327225130890052
0.4983164983164984,0.22961900186254053,0.28451198231482566,0.16669217426793187,0.03448275862068967,0.08888888888888902,0.20026178010471204
0.7272727272727273,0.14294783620780868,0.16770230122362656,0.09129759129759132,0.03448275862068967,0.28888888888888875,0.058115183246073294
0.49350649350649356,0.4222833562585969,0.5403203697176203,0.14333146277590725,0.03448275862068967,0.08888888888888902,0.37565445026178007
0.36363636363636365,0.19886028689329927,0.1844144072856495,0.15331890331890333,0.03448275862068967,0.22222222222222232,0.912303664921466
0.31818181818181823,0.2223629913849272,0.2800692248774916,0.11430090377458801,0.03448275862068967,0.20000000000000018,0.12146596858638743
0.6363636363636364,0.22565337001375518,0.2725688324912858,0.16919191919191925,0.2413793103448275,0.08888888888888902,0.3232984293193717
0.5454545454545454,0.19490052672191094,0.2666162297858438,0.1617667186772878,0.03448275862068967,0.1777777777777776,0.07172774869109948
0.30000000000000004,0.21470007774654626,0.23290575367938166,0.17905504318547802,0.03448275862068967,0.28888888888888875,0.00837696335078534
0.4204545454545454,0.19495913908892304,0.611842904239595,0.16056284772862314,0.03448275862068967,0.20000000000000018,0.2787958115183246
0.48484848484848486,0.19557692741335375,0.29923522307678974,0.12869473422752115,0.1724137931034483,0.22222222222222232,0.14659685863874344
0.35064935064935066,0.22140138489433536,0.27531912483005183,0.25943023989898994,0.03448275862068967,0.24444444444444446,0.5392670157068062
0.32915360501567403,0.19525182520368214,0.2710325745221762,0.14811577311577315,0.03448275862068967,0.20000000000000018,0.10575916230366492
0.5454545454545454,0.23246217331499314,0.2911861960152408,0.15993265993265998,0.03448275862068967,0.22222222222222232,0.5366492146596858
0.5757575757575757,0.19277345634254228,0.25563654420599535,0.24764063997640645,0.03448275862068967,0.28888888888888875,0.18979057591623036
0.4460227272727273,0.24817851616231085,0.3322501762425097,0.08591777146464649,0.03448275862068967,0.11111111111111116,0.4005235602094241
0.24090909090909093,0.18853441008119978,0.23883657202633402,0.1691919191919192,0.06896551724137928,0.20000000000000018,0.006806282722513089
0.44727272727272727,0.2578715305910949,0.2687062512172,0.2177021355103547,0.2068965517241379,0.1777777777777776,0.6426701570680629
0.48863636363636365,0.25088219143380347,0.37206980747113866,0.1605470766054708,0.03448275862068967,0.1777777777777776,0.7617801047120418
0.4900221729490022,0.19662122857987635,0.27109721668604786,0.15688426319267446,0.03448275862068967,0.1333333333333333,0.3769633507853403
0.4545454545454545,0.23054420055408104,0.4094982301280365,0.1273296343718879,0.2068965517241379,0.06666666666666643,0.11099476439790576
0.48484848484848486,0.2218631644400897,0.2842864109782184,0.1200359762003598,0.1724137931034483,0.2666666666666666,0.35471204188481675
0.6136363636363636,0.25381074025208433,0.39795798474483196,0.13257575757575762,0.2068965517241379,0.20000000000000018,0.5340314136125655
0.3693181818181819,0.1169899919366314,0.4631896247857742,0.0661790316962731,0.2068965517241379,0.2666666666666666,0.5353403141361256
0.3939393939393939,0.1859073394244696,0.24386827798229171,0.1430697705532143,0.03448275862068967,0.08888888888888902,0.4698952879581152
0.4913419913419914,0.19925428516928875,0.2720518629384574,0.15711412770236302,0.06896551724137928,0.06666666666666643,0.6963350785340314
0.458041958041958,0.15373538514442914,0.37356802960874164,0.03551136363636364,0.03448275862068967,0.20000000000000018,0.5510471204188482
0.468013468013468,0.2338863799588562,0.2930554212507915,0.12544322278835557,0.2068965517241379,0.28888888888888875,0.7277486910994764
0.44385026737967914,0.2233518240579806,0.2764501644653517,0.16182847584121474,0.10344827586206895,0.08888888888888902,0.01099476439790576
0.49529780564263315,0.19202794573144785,0.2549046666677028,0.144647918029213,0.10344827586206895,0.06666666666666643,0.21335078534031413
0.5454545454545454,0.15145568123078004,0.21060912554528538,0.2674837547449013,0.2413793103448275,0.06666666666666643,0.4463350785340314
0.487012987012987,0.2754651415333381,0.3507617592918967,0.14531277689172428,0.2068965517241379,0.24444444444444446,1.0
0.49696969696969695,0.22581366418781545,0.3107354391621623,0.15944566048498152,0.2068965517241379,0.08888888888888902,0.5209424083769634
0.4545454545454545,0.23138568267448117,0.20076320669415026,0.18225735617039968,0.2068965517241379,0.1777777777777776,0.39790575916230364
0.6545454545454544,0.22310546687565974,0.27176431048192073,0.17823584684049804,0.1724137931034483,0.1777777777777776,0.5196335078534031
0.36363636363636365,0.19515366207533305,0.15808711691396954,0.23626677736266782,0.2068965517241379,0.1777777777777776,0.4738219895287958
0.5047021943573667,0.21020382643491303,0.34731523910233814,0.1294935890895487,0.03448275862068967,0.20000000000000018,0.7774869109947644
0.5,0.36451169188445665,0.4644969255473309,0.05331088664421998,0.06896551724137928,0.28888888888888875,0.5968586387434555
0.2380952380952381,0.21877722974567343,0.2654207279872614,0.13275231949532765,0.1724137931034483,0.22222222222222232,0.016230366492146597
0.5133689839572193,0.26306603023942743,0.57604197239944,0.14429655116906118,0.03448275862068967,0.20000000000000018,0.38350785340314136
0.509090909090909,0.18295653973688406,0.23209907478136427,0.1483223034947173,0.1724137931034483,0.24444444444444446,0.12303664921465968
0.33333333333333337,0.221833187445292,0.22496377237300752,0.13723089480665243,0.2068965517241379,0.22222222222222232,0.21465968586387435
0.6,0.21031647198277864,0.2467395135706732,0.18949828867184243,0.1724137931034483,0.1777777777777776,0.35602094240837695
0.6060606060606061,0.0034387895460797763,0.4171072729409,0.180976430976431,0.03448275862068967,0.1333333333333333,0.4594240837696335
0.38068181818181823,0.340105480731745,0.38259138692487926,0.1452762923351159,0.2068965517241379,0.22222222222222232,0.07225130890052356
0.374331550802139,0.2200825309491059,0.2635647984960639,0.15831390831390837,0.2068965517241379,0.22222222222222232,0.1557591623036649
0.33137829912023464,0.21975958375695237,0.27281902630939425,0.15952601701393976,0.1724137931034483,0.2666666666666666,0.0743455497382199
0.6060606060606061,0.2394936448019152,0.34096548606607885,0.16396872670727636,0.2068965517241379,0.3111111111111109,0.04450261780104712
0.3850267379679144,0.24654814798006386,0.3540302304679726,0.13576726676357675,0.3793103448275862,0.28888888888888875,0.30497382198952877
0.3210227272727273,0.20033732796980208,0.2545413416871809,0.1656820916748715,0.1724137931034483,0.24444444444444446,0.029842931937172773
0.4311688311688312,0.22571879088804647,0.23124736710884908,0.3110372012811038,0.03448275862068967,0.15555555555555545,0.3913612565445026
0.4419191919191918,0.3318841715902531,0.37924465930405216,0.1463720505171283,0.1724137931034483,0.22222222222222232,0.06701570680628272
0.2727272727272727,0.32524728180102713,0.37609974440407884,0.20392365869752804,0.3793103448275862,0.28888888888888875,0.11989528795811517
0.23553719008264465,0.2200825309491059,0.31758900246739513,0.15267809675704416,0.2068965517241379,0.28888888888888875,0.01387434554973822
0.5102639296187683,0.2010301735491235,0.25509515845576564,0.15026148004871412,0.03448275862068967,0.06666666666666643,0.45549738219895286
0.44226044226044225,0.2521779000458505,0.37182382711697715,0.1544249075113273,0.2068965517241379,0.20000000000000018,0.20287958115183247
0.6623376623376624,0.2121241894281784,0.2608181329164259,0.24891774891774898,0.2413793103448275,0.1777777777777776,0.3887434554973822
0.5102639296187683,0.2200825309491059,0.2749383151216073,0.13257575757575762,0.1724137931034483,0.3111111111111109,0.05287958115183246
0.38961038961038963,0.2426188458442814,0.2713290722296005,0.15642102135910188,0.1724137931034483,0.22222222222222232,0.040837696335078534
0.5636363636363636,0.3806537745772311,0.3630273164370905,0.1939740542681719,0.2068965517241379,0.24444444444444446,0.6361256544502618
0.5303030303030303,0.1953517838899131,0.26298275131052434,0.14850790058258945,0.06896551724137928,0.20000000000000018,0.04397905759162304
0.36363636363636365,0.21702403107047497,0.23345843095786073,0.1203208556149733,0.3793103448275862,0.28888888888888875,0.39659685863874344
0.5255681818181818,0.20782668500687757,0.26178192291692465,0.16008158508158513,0.06896551724137928,0.08888888888888902,0.2683246073298429
0.2727272727272727,0.04421878792782588,0.48568288788902936,0.2892899584076055,0.2068965517241379,0.1777777777777776,0.6400523560209423
0.5113636363636364,0.1791879820101077,0.2883565088933158,0.1237090001134945,0.1724137931034483,0.28888888888888875,0.21989528795811517
0.5234159779614325,0.33839336457758484,0.39711848773373243,0.26053952700659294,0.03448275862068967,0.06666666666666643,0.7421465968586387
0.5267379679144385,0.16437414030261346,0.3507617592918967,0.19079685746352415,0.03448275862068967,0.06666666666666643,0.5654450261780104
0.38888888888888884,0.2186282207584389,0.2710413790750347,0.1555974167489511,0.03448275862068967,0.20000000000000018,0.017015706806282723
0.5031712473572939,0.43168804580787556,0.403032073794671,0.15973690392295048,0.2068965517241379,0.1333333333333333,0.08638743455497382
0.36363636363636365,0.23366318339526576,0.2927624829676082,0.12199890698025029,0.3793103448275862,0.24444444444444446,0.6518324607329843
0.2727272727272727,0.22076219758880167,0.2955667521385243,0.12568495411632669,0.03448275862068967,0.20000000000000018,0.3350785340314136
0.43779904306220097,0.1943224498660682,0.25638152483782595,0.14533278455179988,0.1724137931034483,0.22222222222222232,0.08167539267015707
0.5,0.17675378266850067,0.4550189950260447,0.14660493827160498,0.1724137931034483,0.1777777777777776,0.12958115183246072
0.5023923444976076,0.24279857373699604,0.2931580262207788,0.17496976234840317,0.1724137931034483,0.24444444444444446,0.2369109947643979
0.6212121212121212,0.1963864083383218,0.2577293204764825,0.22193971680273053,0.03448275862068967,0.24444444444444446,0.5706806282722513
0.22529644268774704,0.22062508223192395,0.27371468160879026,0.12980808080808084,0.1724137931034483,0.22222222222222232,0.01780104712041885
0.498989898989899,0.20780915160781857,0.27689085016461906,0.12071357350327311,0.03448275862068967,0.08888888888888902,0.7212041884816753
0.6363636363636364,0.1388411279229711,0.2079158064353694,0.17361111111111116,0.1724137931034483,0.15555555555555545,0.7068062827225131
0.3827751196172249,0.21477696993515422,0.28089896628372885,0.14921946740128558,0.10344827586206895,0.24444444444444446,0.10680628272251308
0.36363636363636365,0.21770473378736538,0.15010703508515522,0.14289233801428927,0.03448275862068967,0.20000000000000018,0.09371727748691099
0.509641873278237,0.1999296247720802,0.260201865008777,0.1441559490251351,0.10344827586206895,0.1777777777777776,0.5157068062827225
0.2954545454545454,0.2251852967590119,0.0,0.14068021815955703,0.03448275862068967,0.3111111111111109,0.05392670157068063
0.4405594405594405,0.2182124943379447,0.27077375253847785,0.15484400907361634,0.03448275862068967,0.20000000000000018,0.25654450261780104
0.6818181818181818,0.20092666328820674,0.3359961412166298,0.10871876661350349,0.03448275862068967,0.08888888888888902,0.41361256544502617
0.5080213903743315,0.24421069665830564,0.37529287358228447,0.14250346603287783,0.03448275862068967,0.20000000000000018,0.1413612565445026
0.4015151515151516,0.21640292032589142,0.2580145223827987,0.16989898989898994,0.2413793103448275,0.24444444444444446,0.42801047120418845
0.5350649350649351,0.21151200931118397,0.24810848103058186,0.15763851115628583,0.03448275862068967,0.1333333333333333,0.5680628272251309
0.5909090909090909,0.23113971893762836,0.271225891297246,0.13228226878078514,0.1724137931034483,0.3111111111111109,0.2225130890052356
0.5757575757575757,0.19561453192005826,0.1959927291325413,0.22707466825113887,0.1724137931034483,0.22222222222222232,0.7853403141361256
0.4409090909090908,0.2402528103211118,0.27297736397927225,0.13003599210495764,0.1724137931034483,0.2666666666666666,0.08952879581151832
0.3223140495867769,0.17746409001736307,0.2657165448846802,0.14696141745322078,0.1724137931034483,0.3111111111111109,0.0018324607329842932
0.5133689839572193,0.1916644855181017,0.284395583695323,0.1441200125410652,0.03448275862068967,0.28888888888888875,0.5732984293193717
0.36363636363636365,0.3447268753179703,0.253437694651402,0.1258475162584752,0.03448275862068967,0.24444444444444446,0.475130890052356
0.36363636363636365,0.17206522408589786,0.2737883688089621,0.24347957183778085,0.06896551724137928,0.1777777777777776,0.5994764397905759
0.4434589800443459,0.14492684756783794,0.22749797839474173,0.06714876033057851,0.10344827586206895,0.20000000000000018,0.36649214659685864
0.6818181818181818,0.31401790319807427,0.28589717228684447,0.14896561771561775,0.03448275862068967,0.20000000000000018,0.46465968586387435
0.5151515151515151,0.201382755375371,0.27131214332297765,0.15536662607969912,0.03448275862068967,0.20000000000000018,0.20157068062827224
0.4954545454545455,0.3528541953232462,0.27737549725565236,0.15277777777777782,0.2413793103448275,0.28888888888888875,0.20811518324607328
0.45238095238095233,0.2175585261948959,0.2796707076148986,0.10603608904579781,0.10344827586206895,0.15555555555555545,0.4712041884816754
0.3095823095823096,0.2880699164625759,0.2646087092004623,0.10385015466316283,0.06896551724137928,0.24444444444444446,0.0034031413612565444
0.31550802139037437,0.21718952063544117,0.27204220962848363,0.15645350351654078,0.1724137931034483,0.24444444444444446,0.05706806282722513
0.49350649350649356,0.22751031636863828,0.2901707034593887,0.13099747474747478,0.03448275862068967,0.24444444444444446,0.08586387434554973
0.8181818181818182,0.19605867051629505,0.2331705852996297,0.11913691369136917,0.06896551724137928,0.08888888888888902,0.581151832460733
0.6363636363636364,0.20835963353631615,0.2618150267075187,0.15982474315807654,0.06896551724137928,0.24444444444444446,0.6256544502617801
0.5227272727272727,0.20229430696705436,0.2618453625568347,0.14511843946971928,0.1724137931034483,0.2666666666666666,0.049738219895287955
0.6363636363636364,0.17260929370252975,0.23255253887734617,0.19148001756697414,0.06896551724137928,0.022222222222222143,0.6060209424083769
0.5727272727272728,0.16808803301237965,0.22654917166020444,0.0595959595959596,0.06896551724137928,0.1777777777777776,0.7290575916230366
0.36363636363636365,0.15791519645954188,0.24526827175062454,0.18994290733421174,0.03448275862068967,0.28888888888888875,0.7395287958115183
0.6363636363636364,0.1379859552595381,0.16718921024803812,0.20454545454545459,0.03448275862068967,0.24444444444444446,0.10523560209424083
0.6818181818181818,0.20221049289266477,0.26168732308707027,0.16868526024576985,0.2413793103448275,0.22222222222222232,0.29450261780104714
0.38383838383838387,0.2128105731957176,0.2773243675605325,0.12847804170118224,0.06896551724137928,0.28888888888888875,0.006020942408376963
0.38181818181818183,0.21066323784462648,0.2782349866072721,0.11103791538574151,0.1724137931034483,0.28888888888888875,0.5104712041884817
0.40909090909090906,0.1810059206985228,0.2283610565598581,0.1747474747474748,0.1724137931034483,0.24444444444444446,0.43979057591623033
0.5194805194805194,0.27961821560947947,0.28535680363355553,0.14881640835839313,0.1724137931034483,0.24444444444444446,0.31282722513089006
0.5867768595041322,0.22723773708718753,0.23841784889279816,0.14773113396966614,0.03448275862068967,0.24444444444444446,0.42408376963350786
0.553030303030303,0.18036451169188447,0.2664594826894596,0.16373222970445198,0.1724137931034483,0.2666666666666666,0.4332460732984293
0.31818181818181823,0.15741059147180195,0.2365058276232051,0.25647095959595967,0.2413793103448275,0.24444444444444446,0.2395287958115183
